id,source
think_01,Artifacts/VoiceAudition/v16a/audio/H09-think_01-1.wav
think_02,Artifacts/VoiceAudition/v16a/audio/H09-think_02-1.wav
think_03,Artifacts/VoiceAudition/v16a/audio/H09-think_03-1.wav
think_04,Artifacts/VoiceAudition/v16a/audio/H09-think_04-1.wav
think_05,Artifacts/VoiceAudition/v16a/audio/H09-think_05-1.wav
think_06,Artifacts/VoiceAudition/v16a/audio/H09-think_06-1.wav
purchase_01,Artifacts/VoiceAudition/v16a/audio/H09-purchase_01-1.wav
purchase_02,Artifacts/VoiceAudition/v16a/audio/H09-purchase_02-1.wav
purchase_03,Artifacts/VoiceAudition/v16a/audio/H09-purchase_03-1.wav
purchase_04,Artifacts/VoiceAudition/v16a/audio/H09-purchase_04-1.wav
purchase_05,Artifacts/VoiceAudition/v16a/audio/H09-purchase_05-1.wav
purchase_06,Artifacts/VoiceAudition/v16a/audio/H09-purchase_06-1.wav
growth_01,Artifacts/VoiceAudition/v16a/audio/H09-growth_01-1.wav
growth_02,Artifacts/VoiceAudition/v16a/audio/H09-growth_02-1.wav
growth_03,Artifacts/VoiceAudition/v18/audio/H09-growth_03-1.wav
growth_04,Artifacts/VoiceAudition/v16a/audio/H09-growth_04-1.wav
growth_05,Artifacts/VoiceAudition/v16a/audio/H09-growth_05-1.wav
growth_06,Artifacts/VoiceAudition/v16a/audio/H09-growth_06-1.wav
alert_01,Artifacts/VoiceAudition/v16a/audio/H09-alert_01-1.wav
alert_02,Artifacts/VoiceAudition/v16a/audio/H09-alert_02-1.wav
alert_03,Artifacts/VoiceAudition/v16a/audio/H09-alert_03-1.wav
alert_04,Artifacts/VoiceAudition/v16a/audio/H09-alert_04-1.wav
alert_05,Artifacts/VoiceAudition/v16a/audio/H09-alert_05-1.wav
alert_06,Artifacts/VoiceAudition/v16a/audio/H09-alert_06-1.wav
success_01,Artifacts/VoiceAudition/v16a/audio/H09-success_01-1.wav
success_02,Artifacts/VoiceAudition/v16a/audio/H09-success_02-1.wav
success_03,Artifacts/VoiceAudition/v16a/audio/H09-success_03-1.wav
success_04,Artifacts/VoiceAudition/v16a/audio/H09-success_04-1.wav
success_05,Artifacts/VoiceAudition/v16a/audio/H09-success_05-1.wav
success_06,Artifacts/VoiceAudition/v16a/audio/H09-success_06-1.wav
recover_01,Artifacts/VoiceAudition/v16a/audio/H09-recover_01-1.wav
recover_02,Artifacts/VoiceAudition/v16a/audio/H09-recover_02-1.wav
recover_03,Artifacts/VoiceAudition/v16a/audio/H09-recover_03-1.wav
recover_04,Artifacts/VoiceAudition/v16a/audio/H09-recover_04-1.wav
recover_05,Artifacts/VoiceAudition/v16a/audio/H09-recover_05-1.wav
recover_06,Artifacts/VoiceAudition/v16a/audio/H09-recover_06-2.wav
month_01,Artifacts/VoiceAudition/v16a/audio/H09-month_01-1.wav
month_02,Artifacts/VoiceAudition/v16a/audio/H09-month_02-1.wav
month_03,Artifacts/VoiceAudition/v18/audio/H09-month_03-1.wav
month_04,Artifacts/VoiceAudition/v16a/audio/H09-month_04-1.wav
month_05,Artifacts/VoiceAudition/v16a/audio/H09-month_05-1.wav
month_06,Artifacts/VoiceAudition/v18/audio/H09-month_06-1.wav
clear_01,Artifacts/VoiceAudition/v16a/audio/H09-clear_01-1.wav
clear_02,Artifacts/VoiceAudition/v16a/audio/H09-clear_02-1.wav
clear_03,Artifacts/VoiceAudition/v16a/audio/H09-clear_03-1.wav
clear_04,Artifacts/VoiceAudition/v16a/audio/H09-clear_04-1.wav
clear_05,Artifacts/VoiceAudition/v16a/audio/H09-clear_05-1.wav
clear_06,Artifacts/VoiceAudition/v18/audio/H09-clear_06-1.wav
failure_01,Artifacts/VoiceAudition/v16a/audio/H09-failure_01-1.wav
failure_02,Artifacts/VoiceAudition/v16a/audio/H09-failure_02-1.wav
failure_03,Artifacts/VoiceAudition/v16a/audio/H09-failure_03-1.wav
failure_04,Artifacts/VoiceAudition/v16a/audio/H09-failure_04-1.wav
failure_05,Artifacts/VoiceAudition/v16a/audio/H09-failure_05-1.wav
failure_06,Artifacts/VoiceAudition/v16a/audio/H09-failure_06-1.wav
extra_doya,Artifacts/VoiceAudition/v16a/audio/H09-extra_doya-1.wav
extra_akire,Artifacts/VoiceAudition/v16a/audio/H09-extra_akire-1.wav
extra_akire_niyake,Artifacts/VoiceAudition/v16a/audio/H09-extra_akire_niyake-1.wav
extra_pout,Artifacts/VoiceAudition/v16a/audio/H09-extra_pout-1.wav
extra_embarrassed,Artifacts/VoiceAudition/v16a/audio/H09-extra_embarrassed-1.wav
extra_panic,Artifacts/VoiceAudition/v16a/audio/H09-extra_panic-1.wav
extra_crying,Artifacts/VoiceAudition/v16a/audio/H09-extra_crying-1.wav
extra_tease,Artifacts/VoiceAudition/v16a/audio/H09-extra_tease-1.wav
extra_shocked,Artifacts/VoiceAudition/v16a/audio/H09-extra_shocked-1.wav
extra_sleepy,Artifacts/VoiceAudition/v16a/audio/H09-extra_sleepy-1.wav
extra_determined,Artifacts/VoiceAudition/v16a/audio/H09-extra_determined-1.wav
tutorial_2,Artifacts/VoiceAudition/v16a/audio/H09-tutorial_2-1.wav
tutorial_3,Artifacts/VoiceAudition/v18/audio/H09-tutorial_3-1.wav
tutorial_4,Artifacts/VoiceAudition/v16a/audio/H09-tutorial_4-1.wav
tutorial_5,Artifacts/VoiceAudition/v16a/audio/H09-tutorial_5-1.wav
tutorial_6,Artifacts/VoiceAudition/v16a/audio/H09-tutorial_6-1.wav
mission_accept_01,Artifacts/VoiceAudition/v16a/audio/H09-mission_accept_01-1.wav
mission_accept_02,Artifacts/VoiceAudition/v18/audio/H09-mission_accept_02-1.wav
mission_accept_03,Artifacts/VoiceAudition/v16a/audio/H09-mission_accept_03-1.wav
mission_accept_04,Artifacts/VoiceAudition/v16a/audio/H09-mission_accept_04-1.wav
mission_accept_05,Artifacts/VoiceAudition/v16a/audio/H09-mission_accept_05-1.wav
mission_accept_06,Artifacts/VoiceAudition/v16a/audio/H09-mission_accept_06-1.wav
mission_accept_07,Artifacts/VoiceAudition/v16a/audio/H09-mission_accept_07-1.wav
mission_accept_08,Artifacts/VoiceAudition/v16a/audio/H09-mission_accept_08-1.wav
mission_accept_09,Artifacts/VoiceAudition/v16a/audio/H09-mission_accept_09-1.wav
mission_accept_10,Artifacts/VoiceAudition/v16a/audio/H09-mission_accept_10-1.wav
mission_accept_11,Artifacts/VoiceAudition/v16a/audio/H09-mission_accept_11-1.wav
mission_accept_12,Artifacts/VoiceAudition/v16a/audio/H09-mission_accept_12-1.wav
mission_done,Artifacts/VoiceAudition/v16a/audio/H09-mission_done-1.wav
mission_miss,Artifacts/VoiceAudition/v16a/audio/H09-mission_miss-1.wav
incident_start,Artifacts/VoiceAudition/v16a/audio/H09-incident_start-1.wav
incident_unconfirmed,Artifacts/VoiceAudition/v16a/audio/H09-incident_unconfirmed-1.wav
incident_activate,Artifacts/VoiceAudition/v16a/audio/H09-incident_activate-1.wav
incident_missing,Artifacts/VoiceAudition/v16a/audio/H09-incident_missing-1.wav
rankup,Artifacts/VoiceAudition/v16a/audio/H09-rankup-1.wav
annual_a,Artifacts/VoiceAudition/v16a/audio/H09-annual_a-1.wav
annual_b,Artifacts/VoiceAudition/v16a/audio/H09-annual_b-1.wav
annual_c,Artifacts/VoiceAudition/v16a/audio/H09-annual_c-1.wav
season_04,Artifacts/VoiceAudition/v18/audio/H09-season_04-1.wav
season_05,Artifacts/VoiceAudition/v16a/audio/H09-season_05-1.wav
season_06,Artifacts/VoiceAudition/v16a/audio/H09-season_06-1.wav
season_07,Artifacts/VoiceAudition/v16a/audio/H09-season_07-1.wav
season_08,Artifacts/VoiceAudition/v16a/audio/H09-season_08-1.wav
season_09,Artifacts/VoiceAudition/v16a/audio/H09-season_09-1.wav
season_10,Artifacts/VoiceAudition/v16b/audio/H09-season_10-1.wav
season_11,Artifacts/VoiceAudition/v16b/audio/H09-season_11-1.wav
season_12,Artifacts/VoiceAudition/v16b/audio/H09-season_12-1.wav
season_01,Artifacts/VoiceAudition/v18/audio/H09-season_01-1.wav
season_02,Artifacts/VoiceAudition/v16b/audio/H09-season_02-1.wav
season_03,Artifacts/VoiceAudition/v16b/audio/H09-season_03-1.wav
peak_goal_06,Artifacts/VoiceAudition/v16b/audio/H09-peak_goal_06-1.wav
peak_goal_09,Artifacts/VoiceAudition/v16b/audio/H09-peak_goal_09-1.wav
peak_goal_12,Artifacts/VoiceAudition/v16b/audio/H09-peak_goal_12-1.wav
peak_goal_03,Artifacts/VoiceAudition/v16b/audio/H09-peak_goal_03-1.wav
peak_clear_01,Artifacts/VoiceAudition/v16b/audio/H09-peak_clear_01-1.wav
peak_clear_02,Artifacts/VoiceAudition/v16b/audio/H09-peak_clear_02-1.wav
peak_clear_final,Artifacts/VoiceAudition/v16b/audio/H09-peak_clear_final-1.wav
peak_miss_01,Artifacts/VoiceAudition/v16b/audio/H09-peak_miss_01-1.wav
peak_miss_02,Artifacts/VoiceAudition/v16b/audio/H09-peak_miss_02-1.wav
next_rank,Artifacts/VoiceAudition/v16b/audio/H09-next_rank-1.wav
annual_ss,Artifacts/VoiceAudition/v16b/audio/H09-annual_ss-1.wav
annual_s,Artifacts/VoiceAudition/v16b/audio/H09-annual_s-1.wav
mg_start_01,Artifacts/VoiceAudition/v16b/audio/H09-mg_start_01-1.wav
mg_start_02,Artifacts/VoiceAudition/v16b/audio/H09-mg_start_02-1.wav
mg_combo_01,Artifacts/VoiceAudition/v16b/audio/H09-mg_combo_01-1.wav
mg_combo_02,Artifacts/VoiceAudition/v18/audio/H09-mg_combo_02-1.wav
mg_miss_01,Artifacts/VoiceAudition/v18/audio/H09-mg_miss_01-1.wav
mg_miss_02,Artifacts/VoiceAudition/v16b/audio/H09-mg_miss_02-1.wav
mg_end_good,Artifacts/VoiceAudition/v16b/audio/H09-mg_end_good-1.wav
mg_end_ok,Artifacts/VoiceAudition/v16b/audio/H09-mg_end_ok-1.wav
mg_end_bad,Artifacts/VoiceAudition/v16b/audio/H09-mg_end_bad-1.wav
mg_delegate,Artifacts/VoiceAudition/v16b/audio/H09-mg_delegate-1.wav
mg_contain_cut,Artifacts/VoiceAudition/v16b/audio/H09-mg_contain_cut-1.wav
mg_contain_false,Artifacts/VoiceAudition/v16b/audio/H09-mg_contain_false-1.wav
mg_mail_catch,Artifacts/VoiceAudition/v18/audio/H09-mg_mail_catch-1.wav
mg_mail_miss,Artifacts/VoiceAudition/v16b/audio/H09-mg_mail_miss-1.wav
mg_mfa_block,Artifacts/VoiceAudition/v16b/audio/H09-mg_mfa_block-1.wav
mg_mfa_breach,Artifacts/VoiceAudition/v16b/audio/H09-mg_mfa_breach-1.wav
maxim_backup,Artifacts/VoiceAudition/v16b/audio/H09-maxim_backup-1.wav
maxim_hurry_v2,Artifacts/VoiceAudition/v16b/audio/H09-maxim_hurry_v2-1.wav
maxim_sender,Artifacts/VoiceAudition/v16b/audio/H09-maxim_sender-1.wav
maxim_link_v2,Artifacts/VoiceAudition/v16b/audio/H09-maxim_link_v2-1.wav
maxim_account,Artifacts/VoiceAudition/v16b/audio/H09-maxim_account-1.wav
maxim_mfa,Artifacts/VoiceAudition/v16b/audio/H09-maxim_mfa-1.wav
maxim_least,Artifacts/VoiceAudition/v16b/audio/H09-maxim_least-1.wav
maxim_layers,Artifacts/VoiceAudition/v16b/audio/H09-maxim_layers-1.wav
maxim_segment_v2,Artifacts/VoiceAudition/v16b/audio/H09-maxim_segment_v2-1.wav
maxim_uptime,Artifacts/VoiceAudition/v16b/audio/H09-maxim_uptime-1.wav
maxim_baseline,Artifacts/VoiceAudition/v16b/audio/H09-maxim_baseline-1.wav
maxim_logs,Artifacts/VoiceAudition/v16b/audio/H09-maxim_logs-1.wav
maxim_priority,Artifacts/VoiceAudition/v16b/audio/H09-maxim_priority-1.wav
maxim_restore,Artifacts/VoiceAudition/v16b/audio/H09-maxim_restore-1.wav
maxim_runbook,Artifacts/VoiceAudition/v16b/audio/H09-maxim_runbook-1.wav
maxim_human,Artifacts/VoiceAudition/v16b/audio/H09-maxim_human-1.wav
maxim_report_v2,Artifacts/VoiceAudition/v16b/audio/H09-maxim_report_v2-1.wav
maxim_password,Artifacts/VoiceAudition/v16b/audio/H09-maxim_password-1.wav
maxim_usb,Artifacts/VoiceAudition/v16b/audio/H09-maxim_usb-1.wav
maxim_estimate,Artifacts/VoiceAudition/v16b/audio/H09-maxim_estimate-1.wav
diary_y1_04,Artifacts/VoiceAudition/v16b/audio/H09-diary_y1_04-1.wav
diary_y1_05,Artifacts/VoiceAudition/v16b/audio/H09-diary_y1_05-1.wav
diary_y1_06_kanon,Artifacts/VoiceAudition/v16b/audio/H09-diary_y1_06_kanon-1.wav
diary_y1_07,Artifacts/VoiceAudition/v16b/audio/H09-diary_y1_07-1.wav
diary_y1_08,Artifacts/VoiceAudition/v16b/audio/H09-diary_y1_08-1.wav
diary_y1_09,Artifacts/VoiceAudition/v16b/audio/H09-diary_y1_09-1.wav
diary_y1_10_v3,Artifacts/VoiceAudition/v16b/audio/H09-diary_y1_10_v3-1.wav
diary_y1_11,Artifacts/VoiceAudition/v16b/audio/H09-diary_y1_11-1.wav
diary_y1_12,Artifacts/VoiceAudition/v16b/audio/H09-diary_y1_12-1.wav
diary_y1_01,Artifacts/VoiceAudition/v16b/audio/H09-diary_y1_01-1.wav
diary_y1_02,Artifacts/VoiceAudition/v16b/audio/H09-diary_y1_02-1.wav
diary_y1_03,Artifacts/VoiceAudition/v16b/audio/H09-diary_y1_03-1.wav
diary_y2_04,Artifacts/VoiceAudition/v16b/audio/H09-diary_y2_04-1.wav
diary_y2_05,Artifacts/VoiceAudition/v16b/audio/H09-diary_y2_05-1.wav
diary_y2_06_kanon,Artifacts/VoiceAudition/v16b/audio/H09-diary_y2_06_kanon-1.wav
diary_y2_07,Artifacts/VoiceAudition/v16b/audio/H09-diary_y2_07-1.wav
diary_y2_08,Artifacts/VoiceAudition/v16b/audio/H09-diary_y2_08-1.wav
diary_y2_09,Artifacts/VoiceAudition/v16b/audio/H09-diary_y2_09-1.wav
diary_y2_10,Artifacts/VoiceAudition/v16b/audio/H09-diary_y2_10-1.wav
diary_y2_11,Artifacts/VoiceAudition/v16b/audio/H09-diary_y2_11-1.wav
diary_y2_12,Artifacts/VoiceAudition/v16b/audio/H09-diary_y2_12-1.wav
diary_y2_01_kanon,Artifacts/VoiceAudition/v16b/audio/H09-diary_y2_01_kanon-1.wav
diary_y2_02,Artifacts/VoiceAudition/v16b/audio/H09-diary_y2_02-1.wav
diary_y2_03,Artifacts/VoiceAudition/v16b/audio/H09-diary_y2_03-1.wav
diary_y3_04,Artifacts/VoiceAudition/v16b/audio/H09-diary_y3_04-1.wav
diary_y3_05,Artifacts/VoiceAudition/v16b/audio/H09-diary_y3_05-1.wav
diary_y3_06_v2,Artifacts/VoiceAudition/v16b/audio/H09-diary_y3_06_v2-1.wav
diary_y3_07_v2,Artifacts/VoiceAudition/v16b/audio/H09-diary_y3_07_v2-1.wav
diary_y3_08,Artifacts/VoiceAudition/v16b/audio/H09-diary_y3_08-1.wav
diary_y3_09,Artifacts/VoiceAudition/v16b/audio/H09-diary_y3_09-1.wav
diary_y3_10,Artifacts/VoiceAudition/v16b/audio/H09-diary_y3_10-1.wav
diary_y3_11,Artifacts/VoiceAudition/v16b/audio/H09-diary_y3_11-1.wav
diary_y3_12,Artifacts/VoiceAudition/v16b/audio/H09-diary_y3_12-1.wav
diary_y3_01,Artifacts/VoiceAudition/v16b/audio/H09-diary_y3_01-1.wav
diary_y3_02,Artifacts/VoiceAudition/v16b/audio/H09-diary_y3_02-1.wav
diary_y3_03_ss,Artifacts/VoiceAudition/v16b/audio/H09-diary_y3_03_ss-1.wav
diary_y3_03_clear,Artifacts/VoiceAudition/v16b/audio/H09-diary_y3_03_clear-1.wav
diary_y3_03_fail,Artifacts/VoiceAudition/v16b/audio/H09-diary_y3_03_fail-1.wav
combo_1,Artifacts/VoiceAudition/v16b/audio/H09-combo_1-1.wav
combo_2,Artifacts/VoiceAudition/v16b/audio/H09-combo_2-1.wav
combo_3,Artifacts/VoiceAudition/v16b/audio/H09-combo_3-1.wav
combo_4,Artifacts/VoiceAudition/v16b/audio/H09-combo_4-1.wav
combo_5,Artifacts/VoiceAudition/v16b/audio/H09-combo_5-1.wav
combo_6,Artifacts/VoiceAudition/v16b/audio/H09-combo_6-1.wav
combo_7,Artifacts/VoiceAudition/v16b/audio/H09-combo_7-1.wav
