id,種類,場面,セリフ,表情,ポーズ,演技の指示,読みの注意
think_01,掛け声,考える,うーん。,face_normal,pose_think,小さく首をかしげる,
think_02,掛け声,考える,なるほど！,face_sparkle,pose_point,ひらめいた明るさ,
think_03,掛け声,考える,そっか。,face_normal,pose_think,落ち着いて納得,
think_04,掛け声,考える,考えてみよう。,face_determined,pose_think,前向きに,
purchase_01,掛け声,設備の導入,準備できたね！,face_proud,pose_fists,うれしそうに,
purchase_02,掛け声,設備の導入,頼りになりそう！,face_sparkle,pose_fists,期待をこめて,
purchase_03,掛け声,設備の導入,よしっ！,face_determined,pose_fists,短く気合い,
purchase_04,掛け声,設備の導入,整ってきたね。,face_relieved,pose_laptop,満足そうに,
growth_01,掛け声,成長・ランクアップ,やったー！,face_sparkle,pose_jump,はじける喜び,
growth_02,掛け声,成長・ランクアップ,成長したね！,face_proud,pose_peace,ほめる,
growth_03,掛け声,成長・ランクアップ,いい感じ！,face_proud,pose_fists,軽快に,
growth_04,掛け声,成長・ランクアップ,頼もしいね！,face_relieved,pose_fists,感心して,
alert_01,掛け声,警戒・事件の兆候,あれっ？,face_alert,pose_startled,違和感に気づく,
alert_02,掛け声,警戒・事件の兆候,確認しよう。,face_determined,pose_magnifier,すぐ切り替える,
alert_03,掛け声,警戒・事件の兆候,気になるね。,face_worried,pose_think,心配そうに,
alert_04,掛け声,警戒・事件の兆候,落ち着いていこう。,face_determined,pose_fists,自分にも言い聞かせる,
success_01,掛け声,うまくいった,よかった！,face_relieved,pose_fists,ほっとして,
success_02,掛け声,うまくいった,うまくいったね！,face_sparkle,pose_peace,うれしそうに,
success_03,掛け声,うまくいった,ほっとした。,face_relieved,pose_coffee,力が抜ける,
success_04,掛け声,うまくいった,おつかれさま！,face_normal,pose_wave,ねぎらう,
recover_01,掛け声,被害から立て直す,立て直そう。,face_determined,pose_fists,切り替える強さ,
recover_02,掛け声,被害から立て直す,ここからだね。,face_determined,pose_salute,前を向く,
recover_03,掛け声,被害から立て直す,一緒に考えよう。,face_normal,pose_please,寄り添う,
recover_04,掛け声,被害から立て直す,次に備えよう。,face_determined,pose_shield,決意,
month_01,掛け声,月の始まり,今月もよろしく！,face_normal,pose_wave,元気なあいさつ,
month_02,掛け声,月の始まり,さて、どうしよう？,face_normal,pose_think,わくわく,
month_03,掛け声,月の始まり,一緒に確認しよう。,face_normal,pose_point,誘う,
month_04,掛け声,月の始まり,始めよう！,face_determined,pose_fists,張り切って,
clear_01,掛け声,年度クリア,一年、おつかれさま！,face_relieved,pose_wave,しみじみと,
clear_02,掛け声,年度クリア,守りきったね！,face_sparkle,pose_jump,最高の喜び,
clear_03,掛け声,年度クリア,みんなで頑張ったね！,face_crying,pose_jump,うれし泣き,
clear_04,掛け声,年度クリア,やったね！,face_proud,pose_peace,弾ける,
failure_01,掛け声,結果が悪かった,おつかれさま。,face_sad,pose_exhausted,静かに,
failure_02,掛け声,結果が悪かった,振り返ってみよう。,face_worried,pose_think,落ち着いて,
failure_03,掛け声,結果が悪かった,また挑戦しよう。,face_determined,pose_fists,励ます,
failure_04,掛け声,結果が悪かった,次につなげよう。,face_normal,pose_please,やさしく,
extra_doya,掛け声,備えが効いた・得意,ふふーん、どう？,face_doya,pose_armscross,得意げに鼻を鳴らす,
extra_akire,掛け声,放置・同じ失敗,……はぁ。,face_akire,pose_armscross,あきれたため息,
extra_akire_niyake,掛け声,ちょっと抜けた選択,もー、しょうがないなぁ。,face_akire_niyake,pose_armscross,あきれつつ笑う,
extra_pout,掛け声,予算を削られた,むぅ。,face_pout,pose_armscross,ふくれっ面,
extra_embarrassed,掛け声,ほめられた,えっ、そ、そんなこと……。,face_embarrassed,pose_please,照れて早口,
extra_panic,掛け声,大きな事件の発生,わわわっ！,face_panic,pose_startled,慌てる,
extra_crying,掛け声,大きな被害,うわーん！,face_crying,pose_exhausted,コミカルに泣く,
extra_tease,掛け声,冗談,べーっだ。,face_tease,pose_peace,いたずらっぽく,
extra_shocked,掛け声,想定外の被害,ガーン……。,face_shocked,pose_exhausted,がっくり,
extra_sleepy,掛け声,疲労が高い,ふぁ……ねむい……。,face_sleepy,pose_exhausted,あくび混じり,
extra_determined,掛け声,山場の月の始まり,よし、やるよ！,face_determined,pose_shield,気合いを入れて,
tutorial_1,全文,チュートリアル1,ようこそ、情シスへ！上の数字は予算と工数、左は会社の力だよ。,face_normal,pose_wave,明るく案内,工数＝こうすう
tutorial_2,全文,チュートリアル2,まずは「調べる」を押してみて！会社の今の状態が分かるよ。,face_normal,pose_point,指さしながら,
tutorial_3,全文,チュートリアル3,社長から相談が来てるよ。「話を聞く」で依頼を確かめよう。,face_normal,pose_point,,
tutorial_4,全文,チュートリアル4,「設備を導入」から、ひとつ入れてみよう。備えは事件のときに効いてくるよ。,face_proud,pose_laptop,,
tutorial_5,全文,チュートリアル5,準備ができたら「月を進める」！さあ、どうなるかな。,face_determined,pose_fists,わくわく,
tutorial_6,全文,チュートリアル6,事件が起きたら、方針を選ぶよ。入れておいた備えが、ここで働くんだ。,face_determined,pose_shield,少し真剣に,
mission_accept_01,全文,依頼を引き受ける,納品データを戻す手段、一緒に示そう！,face_determined,pose_fists,,
mission_accept_02,全文,依頼を引き受ける,新人さんのログイン、しっかり守ってあげよう。,face_normal,pose_point,,
mission_accept_03,全文,依頼を引き受ける,急ぎの依頼でも、安全に判断できるようにしたいね。,face_normal,pose_think,,
mission_accept_04,全文,依頼を引き受ける,受注を止めない体制、作っちゃおう！,face_determined,pose_fists,,
mission_accept_05,全文,依頼を引き受ける,担当者さんが休めるように、仕組みを整えよう。,face_relieved,pose_laptop,,
mission_accept_06,全文,依頼を引き受ける,更新する対象、まずは絞り込もうか。,face_normal,pose_magnifier,,
mission_accept_07,全文,依頼を引き受ける,取引先からの影響、広がらないようにしよう。,face_determined,pose_shield,,
mission_accept_08,全文,依頼を引き受ける,どこまで共有していいか、判断の支えを作ろう。,face_normal,pose_think,,
mission_accept_09,全文,依頼を引き受ける,忙しいときでも報告できる職場にしたいな。,face_normal,pose_please,,
mission_accept_10,全文,依頼を引き受ける,本当に戻せるか、確かめておこう！,face_determined,pose_magnifier,,
mission_accept_11,全文,依頼を引き受ける,あやしいログイン、見分けられるようにしよう。,face_determined,pose_magnifier,,
mission_accept_12,全文,依頼を引き受ける,年度末の納品、みんなで守りきろう！,face_determined,pose_salute,,
mission_done,全文,依頼の達成（月報）,依頼、達成だよ！社長も喜んでくれるね。,face_sparkle,pose_jump,,
mission_miss,全文,依頼の未達成（月報）,今月は届かなかったね。来月の方針に活かそう。,face_worried,pose_think,落ち込みすぎない,
incident_start,全文,事件の発生,たいへん、何か起きてる！まずは止める範囲を決めよう！,face_alert,pose_startled,緊迫感,
incident_unconfirmed,全文,事件の発生（未確認）,まだ確認が必要だね。正常な操作かもしれないよ。,face_worried,pose_magnifier,慎重に,
incident_activate,全文,備えの発動,備えが効いた！入れておいてよかったね！,face_doya,pose_shield,最高の見せ場,
incident_missing,全文,未導入の備え,あれがあれば、もっと早く戻せたかも……。,face_worried,pose_think,次への気づき,
rankup,全文,ランクアップ,ランクアップ！会社がひとつ強くなったよ！,face_sparkle,pose_jump,,ランク＝らんく
annual_a,全文,年間評価A,運用ランクA！最初よりずっと強い会社になったよ！,face_crying,pose_jump,感動のうれし泣き,
annual_b,全文,年間評価B,運用ランクB！しっかり守れた一年だったね。,face_sparkle,pose_peace,,
annual_c,全文,年間評価C,運用ランクC。つらい一年だったけど、次はもっとうまくやれるよ。,face_normal,pose_please,やさしく励ます,
season_04,全文,4月,新年度だね！桜もきれいだし、がんばろう！,face_sparkle,pose_wave,,
season_05,全文,5月,新緑の季節！新人さんも慣れてきたかな。,face_normal,pose_wave,,
season_06,全文,6月,梅雨入りだね。今月は山場だよ、気を引きしめよう。,face_determined,pose_salute,,
season_07,全文,7月,夏が来たね。暑いけど、ひと休みも大事だよ。,face_normal,pose_coffee,,
season_08,全文,8月,お盆休みの季節。担当が少ない時期は要注意だね。,face_worried,pose_think,,
season_09,全文,9月,上期の締めだよ！ここを乗り切ろう！,face_determined,pose_fists,,
season_10,全文,10月,秋だね。後半戦、スタート！,face_normal,pose_salute,,
season_11,全文,11月,朝晩が冷えてきたね。年末に向けて準備しよう。,face_normal,pose_laptop,,
season_12,全文,12月,年末だね！大掃除の前に、会社の守りも見直そう。,face_determined,pose_fists,,
season_01,全文,1月,あけましておめでとう！今年もよろしくね！,face_sparkle,pose_wave,,
season_02,全文,2月,年度末まであと少し。予算の使い方、慎重にね。,face_normal,pose_think,,
season_03,全文,3月,一年の集大成だよ！最後まで一緒に守りきろう！,face_determined,pose_shield,,
