id,キャラ,場面,セリフ,読み（声用。空ならセリフのまま）
kanon_opening,かのん,開幕演出の仲間の場面,数字はわたしが作るわ。あなたたちは、守ることに集中して。,
kanon_peak_budget,かのん,山場の月の臨時予算,山場の月ね。臨時予算、わたしから社長に通しておくわ。,
kanon_rival,かのん,強敵の札（BEC・なりすまし）,急ぎの依頼ほど、いつもの窓口で確かめなさい。,
kanon_factor,かのん,因子のカードの推薦,相談が集まる会社は強いわ。これを持っていきなさい。,
kanon_year_clear,かのん,年度の目標に届いた,上出来よ。……来年も、期待してるわ。,
kanon_year_fail,かのん,挑戦の終わり,ここで終わりじゃないわ。次は、数字で勝ちましょう。,
kanon_ending_ss,かのん,特別なエンディング,なにごともない一年。……それが、いちばん難しいのよ。,
kanon_tease,かのん,からかう,ふふっ、顔に「助けて」って書いてあるわよ？,
kanon_meeting,かのん,エンジニアを会議に呼ぶ,ほら、会議よ。五分前。……また忘れてたでしょう。,
kanon_react_ok,かのん,短い反応・了承,ええ、任せて。,
kanon_react_hmm,かのん,短い反応・意外,あら。,
kanon_react_laugh,かのん,短い反応・笑い,ふふっ。,
eng_opening,エンジニア,開幕演出の仲間の場面,週二で来ることになった。……席、どこ？,週に二日で来ることになった。……席、どこ？
eng_investigate,エンジニア,調査を頼む,調査、引き受けた。……一時間で戻る。,
eng_found,エンジニア,調査の結果,見つけた。入口は、ここ。,
eng_rival_reveal,エンジニア,強敵の正体が分かった,正体、分かった。……思ったより、地味な手口。,
eng_factor,エンジニア,因子のカードの推薦,これがあれば、次は止められる。……たぶん。いや、止められる。,
eng_year_clear,エンジニア,年度の目標に届いた,おつかれ。……今年も、平和だったね。,
eng_year_fail,エンジニア,挑戦の終わり,ログは残ってる。次は、もっと早く気づける。,
eng_ending_ss,エンジニア,特別なエンディング,何も起きないのが、一番いい仕事。,
eng_forgot,エンジニア,抜けている,……あ。会議、今日だった。,
eng_react_ok,エンジニア,短い反応・了承,了解。,
eng_react_hmm,エンジニア,短い反応・考える,……ん。,
eng_react_yawn,エンジニア,短い反応・あくび,ふぁ……。,
